Streetname,Street Range (FROM - TO),Postcode,Area
1ης Απριλίου Λεωφόρος,,6035,Λάρνακα
1ης Απριλίου Λεωφόρος,,7104,Αραδίππου
9ης Ιουλίου,,6018,Λάρνακα
9ης Ιουλίου,,7104,Αραδίππου
15ης Ιανουαρίου,,6018,Λάρνακα
25ης Μαρτίου,,6052,Λάρνακα
25ης Μαρτίου Λεωφόρος,,7104,Αραδίππου
28ης Οκτωβρίου,,6025,Λάρνακα
28ης Οκτωβρίου Λεωφόρος,,7104,Αραδίππου
Α,,,
Αβραάμ Αντωνίου,,6041,Λάρνακα
Αγάθωνος,,6056,Λάρνακα
Αγαμέμνονος,,6035,Λάρνακα
Αγαμέμνονος,,7102,Αραδίππου
Αγαπήνορος,,6031,Λάρνακα
Αγγαστίνας,,7100,Αραδίππου
Άγγελου Βλάχου,,6052,Λάρνακα
Άγγελου Σικελιανού,,6016,Λάρνακα
Άγγελου Τερζάκη,,6037,Λάρνακα
Αγγέλων,,6057,Λάρνακα
Αγησιλάου,,6045,Λάρνακα
Αγησιλάου,,7101,Αραδίππου
Αγίας Αικατερίνης,,6037,Λάρνακα
Αγίας Αικατερίνης,,7104,Αραδίππου
Αγίας Αναστασίας,,7101,Αραδίππου
Αγίας Άννης,,7101,Αραδίππου
Αγίας Βαρβάρας,,6059,Λάρνακα
Αγίας Βερονίκης,,7101,Αραδίππου
Αγίας Γραφής,,7102,Αραδίππου
Αγίας Ειρήνης,,7100,Αραδίππου
Αγίας Ελένης,,6021,Λάρνακα
Αγίας Ελένης,,7104,Αραδίππου
Αγίας Ζωής,,7101,Αραδίππου
Αγίας Ζώνης,,7101,Αραδίππου
Αγίας Θέκλης,,6053,Λάρνακα
Αγίας Θεογνωσίας,,7101,Αραδίππου
Αγίας Λαύρας,,6030,Λάρνακα
Αγίας Λαύρας,,7104,Αραδίππου
Αγίας Μαρίνας,,7101,Αραδίππου
Αγίας Μαύρης,,7104,Αραδίππου
Αγίας Παρασκευής,,7101,Αραδίππου
Αγίας Πύλης,,7103,Αραδίππου
Αγίας Σοφίας,,6052,Λάρνακα
Αγίας Σοφίας Λεωφόρος,,7104,Αραδίππου
Αγίας Τριάδος,,6037,Λάρνακα
Αγίας Τριάδος,,7100,Αραδίππου
Αγίας Φωτεινής,,6053,Λάρνακα
Αγίας Φωτεινής,,7101,Αραδίππου
Αγίας Χριστίνης,,7101,Αραδίππου
Αγίου Αθανασίου,,7102,Αραδίππου
Αγίου Αμβροσίου,,7100,Αραδίππου
Αγίου Αντωνίου,,6040,Λάρνακα
Αγίου Αντωνίου,,7102,Αραδίππου
Αγίου Αρτεμίου,,7102,Αραδίππου
Αγίου Αυξεντίου,,7101,Αραδίππου
Αγίου Βασιλείου,,6040,Λάρνακα
Αγίου Βασιλείου,,7100,Αραδίππου
Αγίου Γεωργίου,,7104,Αραδίππου
Αγίου Γεωργίου Κοντού,"35 - 79, 44 - 84",6045,Λάρνακα
Αγίου Γεωργίου Κοντού,81 - τ.  86 - τ.,6046,Λάρνακα
Αγίου Γεωργίου Μακρή,"1 - 71, 2 - 60",6036,Λάρνακα
Αγίου Γεωργίου Μακρή,62 - τ. 73 - τ.,6037,Λάρνακα
Αγίου Γεωργίου Πτωχού,,7101,Αραδίππου
Αγίου Γρηγορίου,,6040,Λάρνακα
Αγίου Γρηγορίου,,7101,Αραδίππου
Αγίου Δαμιανού,,7101,Αραδίππου
Αγίου Δημητρίου,,6013,Λάρνακα
Αγίου Δημητρίου,,7104,Αραδίππου
Αγίου Ελευθερίου,,7101,Αραδίππου
Αγίου Ελευθερίου Πλατεία,,6040,Λάρνακα
Αγίου Επικτήτου,,7100,Αραδίππου
Αγίου Επιφανίου,,6015,Λάρνακα
Αγίου Επιφανίου,,7102,Αραδίππου
Αγίου Ερμολάου,,7100,Αραδίππου
Αγίου Ευθυμίου,,6040,Λάρνακα
Αγίου Ευσταθίου,,7101,Αραδίππου
Αγίου Εφραίμ,,7102,Αραδίππου
Αγίου Θεοδοσίου,,7104,Αραδίππου
Αγίου Θεοδώρου,,6040,Λάρνακα
Αγίου Θωμά,,7104,Αραδίππου
Αγίου Ιακώβου,,6012,Λάρνακα
Αγίου Ιακώβου,,7103,Αραδίππου
Αγίου Ιλαρίωνος,,6015,Λάρνακα
Αγίου Ιλαρίωνος,,7104,Αραδίππου
Αγίου Ιωακείμ,,7101,Αραδίππου
Αγίου Ιωάννου,,6050,Λάρνακα
Αγίου Ιωάννου Προδρόμου,,7101,Αραδίππου
Αγίου Ιωάννου Ρώσσου,,6056,Λάρνακα
Αγίου Ιωάννου Χρυσοστόμου,,6013,Λάρνακα
Αγίου Ιωσήφ,,7102,Αραδίππου
Αγίου Κασσιανού,,7101,Αραδίππου
Αγίου Κενδέου,,6036,Λάρνακα
Αγίου Κενδέου,,7103,Αραδίππου
Αγίου Κοσμά,,7101,Αραδίππου
Αγίου Κωνσταντίνου,,6040,Λάρνακα
Αγίου Κωνσταντίνου,,7103,Αραδίππου
Αγίου Λαζάρου,,6020,Λάρνακα
Αγίου Λαζάρου,,7101,Αραδίππου
Αγίου Μάμαντος,,7104,Αραδίππου
Αγίου Μελετίου,,6040,Λάρνακα
Αγίου Μελετίου,,7102,Αραδίππου
Αγίου Μεσρώπ,,6011,Λάρνακα
Αγίου Μηνά,,6040,Λάρνακα
Αγίου Μηνά,,7101,Αραδίππου
Αγίου Μοδέστου,,7101,Αραδίππου
Αγίου Νεκταρίου,,6036,Λάρνακα
Αγίου Νεκταρίου,,7103,Αραδίππου
Αγίου Νεοφύτου,,6015,Λάρνακα
Αγίου Νεοφύτου,,7102,Αραδίππου
Αγίου Νεοφύτου Πλατεία,,6056,Λάρνακα
Αγίου Νικήτα,,7101,Αραδίππου
Αγίου Νικολάου,,7100,Αραδίππου
Αγίου Όρους,,6036,Λάρνακα
Αγίου Όρους,,7100,Αραδίππου
Αγίου Παντελεήμονος,,6036,Λάρνακα
Αγίου Παντελεήμονος,,7104,Αραδίππου
Αγίου Πολυκάρπου,,6040,Λάρνακα
Αγίου Πολυκάρπου,,7103,Αραδίππου
Αγίου Προκοπίου,,6040,Λάρνακα
Αγίου Προκοπίου,,7101,Αραδίππου
Αγίου Ραφαήλ,,7100,Αραδίππου
Αγίου Σάββα,,6040,Λάρνακα
Αγίου Σάββα,,7101,Αραδίππου
Αγίου Σεραφείμ,,7104,Αραδίππου
Αγίου Σεργίου,,6047,Λάρνακα
Αγίου Σεργίου,,7100,Αραδίππου
Αγίου Σπυρίδωνος,,6015,Λάρνακα
Αγίου Σπυρίδωνος,,7102,Αραδίππου
Αγίου Στεφάνου,,7101,Αραδίππου
Αγίου Στυλιανού,,6036,Λάρνακα
Αγίου Στυλιανού,,7103,Αραδίππου
Αγίου Συμεών,,7101,Αραδίππου
Αγίου Συνεσίου,,6017,Λάρνακα
Αγίου Σωζομένου,,7101,Αραδίππου
Αγίου Φανουρίου,,7102,Αραδίππου
Αγίου Φιλίππου,,7104,Αραδίππου
Αγίου Φραγκίσκου Ασσίζης,,6050,Λάρνακα
Αγίου Φωκά,,7104,Αραδίππου
Αγίου Φωτίου,,7101,Αραδίππου
Αγίου Χαραλάμπους,,6035,Λάρνακα
Αγίου Χρυσοστόμου,,6040,Λάρνακα
Αγίου Χρυσοστόμου,,7101,Αραδίππου
Αγίου Χρυσοστόμου Πλατεία,,6050,Λάρνακα
Αγίων Αναργύρων Λεωφόρος,,6057,Λάρνακα
Αγίων Αναργύρων,,7102,Αραδίππου
Αγίων Αναργύρων Πλατεία,,6056,Λάρνακα
Αγίων Αποστόλων,,6040,Λάρνακα
Αγίων Αποστόλων,,7103,Αραδίππου
Αγίων Πάντων,,7101,Αραδίππου
Αγίων Σαράντα,,7101,Αραδίππου
Αγίων Σεργίου και Βάκχου,,7101,Αραδίππου
Άγκυρας,,6026,Λάρνακα
Αγράφων,,6036,Λάρνακα
Αγράφων,,7103,Αραδίππου
Αγρινίου,,6046,Λάρνακα
Αγρινίου,,7104,Αραδίππου
Αδαμαντίου Κοραή,,6010,Λάρνακα
Αδαμαντίου Κοραή,,7102,Αραδίππου
Αδμήτου,,6058,Λάρνακα
Αδριανού,,6010,Λάρνακα
Αδριανού,,7101,Αραδίππου
Αδριανουπόλεως,,6046,Λάρνακα
Αδριανουπόλεως,,7102,Αραδίππου
Αδώνιδος,,6020,Λάρνακα
Αηδονίων,,6052,Λάρνακα
Αθανασίου Διάκου,,6046,Λάρνακα
Αθανασίου Διάκου,,7104,Αραδίππου
Αθανασίου Καρύδη,,6050,Λάρνακα
Αθανασίου Σακελλαρίου,,6012,Λάρνακα
Αθανασίου Σακελλαρίου,,7102,Αραδίππου
Αθανασίου Τσακάλωφ,,6056,Λάρνακα
Αθηνάς,,6021,Λάρνακα
Αθηνοδώρου,,6058,Λάρνακα
Αθηνών Λεωφόρος,"1 - 35, 2 - 34",6023,Λάρνακα
Αθηνών Λεωφόρος,41 - τ. 42 - τ.,6022,Λάρνακα
Αθηνών Λεωφόρος,,7103,Αραδίππου
Αιακού,,6041,Λάρνακα
Αίαντος,,6035,Λάρνακα
Αίαντος,,7101,Αραδίππου
Αιγαίου,,6037,Λάρνακα
Αιγαίου,,7102,Αραδίππου
Αιγιαλούσης,,6047,Λάρνακα
Αιγιαλούσης,,7100,Αραδίππου
Αιγίνης,,6037,Λάρνακα
Αιγίνης,,7104,Αραδίππου
Αιγίου,,7101,Αραδίππου
Αιγύπτου Λεωφόρος,,6030,Λάρνακα
Αιδηψού,,6031,Λάρνακα
Αιθέρων,,6056,Λάρνακα
Αικατερίνης Κορνάρο,,7103,Αραδίππου
Αινείου,,6031,Λάρνακα
Αιόλου,,6045,Λάρνακα
Αιόλου,,7103,Αραδίππου
Αισχύλου,,6035,Λάρνακα
Αισχύλου,,7104,Αραδίππου
Αισώπου,,6020,Λάρνακα
Αισώπου,,7103,Αραδίππου
Αιτωλών,,7100,Αραδίππου
Ακ Ντενίζ,,6026,Λάρνακα
Ακάδημου,,6010,Λάρνακα
Ακανθούς,,6047,Λάρνακα
Ακανθούς,,7104,Αραδίππου
Ακαρνανίας,,7104,Αραδίππου
Ακροπόλεως,,6052,Λάρνακα
Ακροπόλεως Λεωφόρος,1 - τ.,7101,Αραδίππου
Ακροπόλεως Λεωφόρος,2 - τ.,7103,Αραδίππου
Αλαμάνας,,6030,Λάρνακα
Αλαμάνας,,7103,Αραδίππου
Αλβανικού Επους,,6041,Λάρνακα
Αλβέρτου Αϊνστάιν,,6031,Λάρνακα
Αλβέρτου Σβάιτσερ,,6027,Λάρνακα
Αλεμντάρ,,6026,Λάρνακα
Αλεξανδρείας,,6042,Λάρνακα
Αλεξάνδρου Δελμούζου,,6057,Λάρνακα
Αλεξάνδρου Ζάρρα,,6021,Λάρνακα
Αλεξάνδρου Μαυροκορδάτου,,6052,Λάρνακα
Αλεξάνδρου Μαυροκορδάτου,,7100,Αραδίππου
Αλεξάνδρου Παναγούλη Λεωφόρος,,6057,Λάρνακα
Αλεξάνδρου Παπαδιαμάντη,,6035,Λάρνακα
Αλεξάνδρου Παπαδιαμάντη,,7103,Αραδίππου
Αλεξάνδρου Παπαναστασίου,,6027,Λάρνακα
Αλεξάνδρου Ραγκαβή,,6047,Λάρνακα
Αλεξάνδρου Υψηλάντη,,6057,Λάρνακα
Αλεξάνδρου Υψηλάντη,,7103,Αραδίππου
Αλεξανδρουπόλεως,,6037,Λάρνακα
Αλεξανδρουπόλεως,,7100,Αραδίππου
Αλή Ντεντέ,,6050,Λάρνακα
Αλιάκμονος,,7104,Αραδίππου
Αλικαρνασσού,,6052,Λάρνακα
Αλικαρνασσού,,7104,Αραδίππου
Αλκαίου,,6045,Λάρνακα
Αλκαμένους,,6031,Λάρνακα
Αλκιβιάδους,,6045,Λάρνακα
Αλκιβιάδους,,7104,Αραδίππου
Αλκινόου,,6056,Λάρνακα
Αλμυρού,,6040,Λάρνακα
Άλπεων,,7105,Αραδίππου
Αλσουπόλεως,,6052,Λάρνακα
Αλφειού,,6056,Λάρνακα
Αμαζόνων,,6027,Λάρνακα
Αμαζόνων,,7103,Αραδίππου
Αμαθούντος,,6025,Λάρνακα
Αμαθούντος,,7104,Αραδίππου
Αμαλθείας,,6055,Λάρνακα
Αμαρυλλίδος,,6018,Λάρνακα
Αμμοχώστου Λεωφόρος,,7104,Αραδίππου
Αμοργού,,6036,Λάρνακα
Αμοργού,,7104,Αραδίππου
Αμφιλοχίας,,6036,Λάρνακα
Αμφιλοχίας,,7104,Αραδίππου
Αμφίσσης,,6018,Λάρνακα
Αμφιτρίτης,,6050,Λάρνακα
Αναβύσσου,,6040,Λάρνακα
Αναγεννήσεως,,6050,Λάρνακα
Αναγεννήσεως,,7102,Αραδίππου
Ανακρέοντος,,6058,Λάρνακα
Αναξαγόρου,,6031,Λάρνακα
Αναξίμανδρου,,6027,Λάρνακα
Ανατολής,,7104,Αραδίππου
Αναφέρτου,,6025,Λάρνακα
Ανάφης,,6041,Λάρνακα
Ανδρέα Βλάμη,,7100,Αραδίππου
Ανδρέα Γεωργίου,,7104,Αραδίππου
Ανδρέα Δημητρίου,,7104,Αραδίππου
Ανδρέα Ζάκου,,6030,Λάρνακα
Ανδρέα Ζάκου,,7101,Αραδίππου
Ανδρέα Θεμιστοκλέους,,6045,Λάρνακα
Ανδρέα Θεοδοσίου,,6057,Λάρνακα
Ανδρέα Κάλβου,,6031,Λάρνακα
Ανδρέα Κάλβου,,7102,Αραδίππου
Ανδρέα Καρκαβίτσα,,6041,Λάρνακα
Ανδρέα Καρκαβίτσα,,7102,Αραδίππου
Ανδρέα Κάρυου,,7103,Αραδίππου
Ανδρέα Κέλπη,,7104,Αραδίππου
Ανδρέα Μαππούρα,,7104,Αραδίππου
Ανδρέα Μιαούλη,,6017,Λάρνακα
Ανδρέα Μιαούλη,,7102,Αραδίππου
Ανδρέα Μιχαηλά,,7101,Αραδίππου
Ανδρέα Μουζάκη,,6056,Λάρνακα
Ανδρέα Ονησιφόρου,,7101,Αραδίππου
Ανδρέα Παναγίδη,,7103,Αραδίππου
Ανδρέα Παπαδοπούλου,,6042,Λάρνακα
Ανδρέα Πιπίνου,,6013,Λάρνακα
Ανδρέα Πιπίνου,,7104,Αραδίππου
Ανδρέα Σουρουκλή,,6021,Λάρνακα
Ανδρέα Σουρουκλή,,7104,Αραδίππου
Ανδρέα Στέλιου,,6015,Λάρνακα
Ανδρέα Στρουθίδη,,6045,Λάρνακα
Ανδρέα Στρουθίδη,,7101,Αραδίππου
Ανδρέα Χαραλαμπίδη,,6041,Λάρνακα
Ανδροκλέους,,6056,Λάρνακα
Ανδρομάχης,,6041,Λάρνακα
Ανδρομάχης,,7104,Αραδίππου
Ανδρομέδας Πλατεία,,6056,Λάρνακα
Ανεξαρτησίας Λεωφόρος,,6047,Λάρνακα
Ανθέων,,6041,Λάρνακα
Ανθέων,,7103,Αραδίππου
Ανθίμου Γαζή,,6052,Λάρνακα
Αννίβα Φράνσις,,6031,Λάρνακα
Ανοικοδομήσεως,,6056,Λάρνακα
Άνοιξης,,6041,Λάρνακα
Ανταίου,,6052,Λάρνακα
Ανταίου,,7101,Αραδίππου
Άντη Περνάρη,,6057,Λάρνακα
Αντιγόνου,,6036,Λάρνακα
Αντιόπης,,6058,Λάρνακα
Αντιόχου,,6058,Λάρνακα
Αντιστάσεως,,6056,Λάρνακα
Αντιστράτηγου Ευάγγελου Φλωράκη,,6037,Λάρνακα
Αντιφωνητού,,6056,Λάρνακα
Αντώνη Κλόκκαρη,,6041,Λάρνακα
Αντώνη Παπαδοπούλου,,6053,Λάρνακα
Αξιού,,7104,Αραδίππου
Απελλή,,6056,Λάρνακα
Απολλοδώρου,,6020,Λάρνακα
Απολλωνίου Κιτιέως,,6025,Λάρνακα
Απόλλωνος,,6016,Λάρνακα
Απόλλωνος,,7102,Αραδίππου
Αποστόλου Ανδρέου,,6012,Λάρνακα
Αποστόλου Ανδρέου,,7100,Αραδίππου
Αποστόλου Βαρνάβα,,6023,Λάρνακα
Αποστόλου Βαρνάβα,,7103,Αραδίππου
Αποστόλου Λουκά,,6012,Λάρνακα
Αποστόλου Λουκά Πλατεία,,7104,Αραδίππου
Αποστόλου Μάρκου,,6012,Λάρνακα
Αποστόλου Ματθαίου,,6012,Λάρνακα
Αποστόλου Παύλου,,6023,Λάρνακα
Αποστόλου Παύλου,,7102,Αραδίππου
Αποστόλου Πέτρου,,7103,Αραδίππου
Αραδίππου,,6051,Λάρνακα
Αράμ Καλαϊτζιάν,,6040,Λάρνακα
Αράχωβας,,6036,Λάρνακα
Αράχωβας,,7101,Αραδίππου
Αρβέλας,,6051,Λάρνακα
Αργολίδος,,7101,Αραδίππου
Αργοναυτών,,6045,Λάρνακα
Άργους,,6036,Λάρνακα
Άργους,,7102,Αραδίππου
Αργύρη Εφταλιώτη,,6041,Λάρνακα
Αργυροκάστρου,,6036,Λάρνακα
Αρεθούσης,,6031,Λάρνακα
Αρετούσας,,6036,Λάρνακα
Άρεως,,6016,Λάρνακα
Αρήτης,,6031,Λάρνακα
Αριάδνης,,6056,Λάρνακα
Αριάδνης,,7102,Αραδίππου
Αριστάρχου Δημητρίου,,6041,Λάρνακα
Αριστείδου,,6050,Λάρνακα
Αριστείδου,,7103,Αραδίππου
Αριστομένη Προβελέγγιου,,6056,Λάρνακα
Αριστομένους,,6020,Λάρνακα
Αριστοτέλη Βαλαωρίτη,,6017,Λάρνακα
Αριστοτέλη Κουρτίδη,,6052,Λάρνακα
Αριστοτέλους,,7103,Αραδίππου
Αριστοφάνους,,6035,Λάρνακα
Αριστοφάνους,,7103,Αραδίππου
Αρίωνος,,6052,Λάρνακα
Αρκαδίου,,6030,Λάρνακα
Αρκαδίου,,7104,Αραδίππου
Αρκτούρου,,6053,Λάρνακα
Αρμενίας,,6052,Λάρνακα
Αρμενίας,,7102,Αραδίππου
Αρμενικής Εκκλησίας,,6022,Λάρνακα
Αρμονίας,"1 - 11, 2 - 2",6046,Λάρνακα
Αρμονίας,4 - τ. 13 - τ.,7102,Αραδίππου
Αρσινόης,,6013,Λάρνακα
Αρσινόης,,7101,Αραδίππου
Άρσους,,6056,Λάρνακα
Άρτας,,6036,Λάρνακα
Άρτας,,7102,Αραδίππου
Αρτέμιδος Λεωφόρος,1 - 13,6020,Λάρνακα
Αρτέμιδος Λεωφόρος,2 - 34,6030,Λάρνακα
Αρτέμιδος Λεωφόρος,15 - 51,6025,Λάρνακα
Αρτέμιδος Λεωφόρος,36 - τ.,6031,Λάρνακα
Αρτέμιδος Λεωφόρος,53 - τ.,6027,Λάρνακα
Αρτέμιδος,,7104,Αραδίππου
Αρχαγγέλου Γαβριήλ,,7102,Αραδίππου
Αρχαγγέλου Μιχαήλ,,7104,Αραδίππου
Αρχαγγέλων,,6036,Λάρνακα
Αρχελάου,,6052,Λάρνακα
Αρχιδάμου,,6036,Λάρνακα
Αρχιδάμου,,7101,Αραδίππου
Αρχιεπισκόπου Ανθεμίου,,6036,Λάρνακα
Αρχιεπισκόπου Κυρίλλου Β',"1 - 47, 2 - 58",6050,Λάρνακα
Αρχιεπισκόπου Κυρίλλου Β',49 - τ. 60 - τ.,6051,Λάρνακα
Αρχιεπισκόπου Κυπριανού Λεωφόρος,"1 - 23, 2 - 34",6016,Λάρνακα
Αρχιεπισκόπου Κυπριανού Λεωφόρος,25 - τ. 36 - τ.,6015,Λάρνακα
Αρχιεπισκόπου Κυπριανού,,7104,Αραδίππου
Αρχιεπισκόπου Λεοντίου Α',,6021,Λάρνακα
Αρχιεπισκόπου Μακαρίου Γ' Λεωφόρος,,6017,Λάρνακα
Αρχιεπισκόπου Μακαρίου Γ' Λεωφόρος,"1 - 53, 2 - 34",7104,Αραδίππου
Αρχιεπισκόπου Μακαρίου Γ' Λεωφόρος,36 - τ. 55 - τ.,7102,Αραδίππου
Αρχιεπισκόπου Παϊσίου,1 - τ.,6041,Λάρνακα
Αρχιεπισκόπου Παϊσίου,2 - τ.,7101,Αραδίππου
Αρχιμανδρίτου Μακαρίου Μαχαιριώτου,,6051,Λάρνακα
Αρχιμήδους,,6031,Λάρνακα
Αρχιμήδους,,7103,Αραδίππου
Ασκληπιού,,6021,Λάρνακα
Ασκληπιού,,7102,Αραδίππου
Ασπασίας,,7102,Αραδίππου
Άσσειας,,6047,Λάρνακα
Αστυπάλαιας,,6059,Λάρνακα
Αταλάντης,,6058,Λάρνακα
Ατλαντίδος,,7100,Αραδίππου
Ατλαντίδος,,6058,Λάρνακα
Άτλαντος,,6036,Λάρνακα
Ατρειδών,,6041,Λάρνακα
Ατταλείας,,6051,Λάρνακα
Αττικής,,6045,Λάρνακα
Αττικής,,7102,Αραδίππου
Αυγερινού,,7104,Αραδίππου
Αυλίδος,,7102,Αραδίππου
Αυστραλίας Λεωφόρος,,7102,Αραδίππου
Αυτοκράτειρας Θεοδώρας,,6045,Λάρνακα
Αφέντρικας,,6018,Λάρνακα
Αφροδίτης,,6020,Λάρνακα
Αφροδίτης,,7102,Αραδίππου
Αχαΐας,,6057,Λάρνακα
Αχαιών,,6036,Λάρνακα
Αχαιών,,7103,Αραδίππου
Αχαρνών,,6036,Λάρνακα
Αχελώου,,7103,Αραδίππου
Αχιλλέα Κουρτελλή,,6057,Λάρνακα
Αχιλλέως,,6030,Λάρνακα
Αχιλλέως,,7103,Αραδίππου
Αχμέτ Κενάν,,6026,Λάρνακα
Β,,,
Βαβυλά,,7100,Αραδίππου
Βάγκνερ,,6041,Λάρνακα
Βακτριανής,,6041,Λάρνακα
Βάκχου,,6010,Λάρνακα
Βαν Ντάϊκ,,6037,Λάρνακα
Βάρκιζας,,6040,Λάρνακα
Βάρκιζας,,7102,Αραδίππου
Βασιλείου Αυγερινού,,6053,Λάρνακα
Βασιλείου Βουλγαροκτόνου,,7103,Αραδίππου
Βασιλέως Γεωργίου,,6030,Λάρνακα
Βασιλέως Γεωργίου,,7104,Αραδίππου
Βασιλέως Ευαγόρου,,6023,Λάρνακα
Βασιλέως Κωνσταντίνου A',,6030,Λάρνακα
Βασιλέως Κωνσταντίνου A',,7104,Αραδίππου
Βασιλέως Όθωνος,,6030,Λάρνακα
Βασιλέως Όθωνος,,7103,Αραδίππου
Βασιλέως Παύλου,,7104,Αραδίππου
Βασιλέως Παύλου Πλατεία,,6023,Λάρνακα
Βασιλέως Φιλίππου,,7100,Αραδίππου
Βασίλη Μιχαηλίδη,,6027,Λάρνακα
Βασίλη Μιχαηλίδη,,7103,Αραδίππου
Βασίλη Τσιτσάνη,,6041,Λάρνακα
Βασιλίσσης Αμαλίας,,6030,Λάρνακα
Βασιλίσσης Βερενίκης,,6037,Λάρνακα
Βασιλίσσης Όλγας,,6030,Λάρνακα
Βατιλής,,6052,Λάρνακα
Βατιλής,,7100,Αραδίππου
Βέγα,,6053,Λάρνακα
Βελισαρίου,,6056,Λάρνακα
Βελλεροφόντη,,6058,Λάρνακα
Βεργίνας,,6041,Λάρνακα
Βεροίας,,6037,Λάρνακα
Βηθλεέμ,,6036,Λάρνακα
Βίκτωρος Ιωαννίδη,,6037,Λάρνακα
Βίκτωρος Ουγγώ,,6023,Λάρνακα
Βιοτεχνικής Περιοχής,,6025,Λάρνακα
Βοιωτίας,,6051,Λάρνακα
Βοιωτίας,,7104,Αραδίππου
Βοκολίδας,,6041,Λάρνακα
Βόλου,,6051,Λάρνακα
Βόλφγκανγκ Μότσαρτ,,6036,Λάρνακα
Βοσπόρου,,6030,Λάρνακα
Βοσπόρου,,7104,Αραδίππου
Βουκεφαλείας,,6041,Λάρνακα
Βούλας,,6040,Λάρνακα
Βουλιαγμένης,,6040,Λάρνακα
Βυζαντίου,,6030,Λάρνακα
Βυζαντίου,,7103,Αραδίππου
Γ,,,
Γαλαξία,,6056,Λάρνακα
Γαλβανή,,6052,Λάρνακα
Γαλήνης,,6058,Λάρνακα
Γαληνού,,6052,Λάρνακα
Γαλιλαίου Γαλιλέϊ,,6023,Λάρνακα
Γανυμήδους,,6052,Λάρνακα
Γαργαρέων,,6057,Λάρνακα
Γαριβάλδη,,6056,Λάρνακα
Γαυγαμήλων,,6051,Λάρνακα
Γεωργίου Αβέρωφ,,6052,Λάρνακα
Γεωργίου Αδάμου,,6057,Λάρνακα
Γεωργίου Αραδιππιώτη,,6016,Λάρνακα
Γεωργίου Βιζυηνού,,6017,Λάρνακα
Γεωργίου Γενναδίου,,6031,Λάρνακα
Γεωργίου Γεωργιάδη,,6016,Λάρνακα
Γεωργίου Γεωργίου,,6037,Λάρνακα
Γεωργίου Γρίβα Διγενή Λεωφόρος,1 - 23,6030,Λάρνακα
Γεωργίου Γρίβα Διγενή Λεωφόρος,2 - 16,6010,Λάρνακα
Γεωργίου Γρίβα Διγενή Λεωφόρος,18 - 18,6050,Λάρνακα
Γεωργίου Γρίβα Διγενή Λεωφόρος,20 - 42,6045,Λάρνακα
Γεωργίου Γρίβα Διγενή Λεωφόρος,25 - 37,6035,Λάρνακα
Γεωργίου Γρίβα Διγενή Λεωφόρος,39 - 53,6036,Λάρνακα
Γεωργίου Γρίβα Διγενή Λεωφόρος,44 - τ.,6046,Λάρνακα
Γεωργίου Γρίβα Διγενή Λεωφόρος,55 - τ.,6043,Λάρνακα
Γεωργίου Δροσίνη,,6017,Λάρνακα
Γεωργίου Δροσίνη,,7104,Αραδίππου
Γεωργίου Δρουσιώτη,,6021,Λάρνακα
Γεωργίου Θεοτοκά,,6041,Λάρνακα
Γεωργίου Θεοτοκά,,7100,Αραδίππου
Γεωργίου και Μαρίας Τυρίμου,,6027,Λάρνακα
Γεωργίου Καραϊσκάκη,,6018,Λάρνακα
Γεωργίου Καραϊσκάκη,,7104,Αραδίππου
Γεωργίου Κωνσταντινίδη,,6018,Λάρνακα
Γεωργίου Λαπίθη,,6012,Λάρνακα
Γεωργίου Ματσάκη,,6050,Λάρνακα
Γεωργίου Παπανδρέου,,6047,Λάρνακα
Γεωργίου Σεφέρη,,6017,Λάρνακα
Γεωργίου Σεφέρη,,7104,Αραδίππου
Γεωργίου Σουρή,,6041,Λάρνακα
Γεωργίου Σταύρου,,6051,Λάρνακα
Γεωργίου Τόουλου,,7104,Αραδίππου
Γεωργίου Φωτίου,,6058,Λάρνακα
Γεωργίου Χαραλάμπους,,6057,Λάρνακα
Γεωργίου Χαραλάμπους,,7104,Αραδίππου
Γεωργίου Χριστοδουλίδη Λεωφόρος,,6042,Λάρνακα
Γεωργίου Χριστοφίδη,,6031,Λάρνακα
Γιαβούζ,,6051,Λάρνακα
Γιάγκου Μιχαηλίδη,,6056,Λάρνακα
Γιάγκου Σουρουλλά,,6037,Λάρνακα
Γιαννάκη Αεροπόρου,,6045,Λάρνακα
Γιαννάκη Καπιτανή,,6051,Λάρνακα
Γιαννάκη Στεφανίδη,,6041,Λάρνακα
Γιάννη Βλαχογιάννη,,6050,Λάρνακα
Γιάννη Λεύκη Παπαγγέλου,,6027,Λάρνακα
Γιάννη Μαρκόπουλου,,6040,Λάρνακα
Γιάννη Ρίτσου,,7101,Αραδίππου
Γιάννου Κρανιδιώτη Λεωφόρος,1 - 43,6046,Λάρνακα
Γιάννου Κρανιδιώτη Λεωφόρος,2 - 36,6045,Λάρνακα
Γιάννου Κρανιδιώτη Λεωφόρος,45 - τ.,6047,Λάρνακα
Γιγάντων,,6013,Λάρνακα
Γιούρι Γκαγγάριν,,6031,Λάρνακα
Γκαίτε,,6028,Λάρνακα
Γλάδστωνος,,6023,Λάρνακα
Γλαύκου Αλιθέρση,,6017,Λάρνακα
Γληνού,,6027,Λάρνακα
Γλυφάδας,,6040,Λάρνακα
Γλυφάδας,,7104,Αραδίππου
Γόλγων,,6017,Λάρνακα
Γόλγων,,7104,Αραδίππου
Γοργόνων,,6047,Λάρνακα
Γορδίου Δεσμού,,6045,Λάρνακα
Γορδίου Δεσμού,,7101,Αραδίππου
Γουίλλιαμ Γουίλμπουρ Γουίαρ,,6010,Λάρνακα
Γουότκινς,,6022,Λάρνακα
Γραβιάς,,6045,Λάρνακα
Γραβιάς,,7102,Αραδίππου
Γράμμου,,6043,Λάρνακα
Γράμμου,,7103,Αραδίππου
Γρανικού,,6051,Λάρνακα
Γρανικού,,7102,Αραδίππου
Γρεβενών,,6043,Λάρνακα
Γρηγορίου Αυξεντίου Λεωφόρος,"1 - 25, 2 - 28",6023,Λάρνακα
Γρηγορίου Αυξεντίου Λεωφόρος,27 - τ. 30 - τ.,6021,Λάρνακα
Γρηγορίου Αυξεντίου Λεωφόρος,,7103,Αραδίππου
Γρηγορίου Παπαφλέσσα,,6052,Λάρνακα
Γρηγορίου Παπαφλέσσα,,7104,Αραδίππου
Γύψου,,6055,Λάρνακα
Δ,,,
Δαιδάλου,,6050,Λάρνακα
Δαιδάλου,,7104,Αραδίππου
Δαναΐδων,,7101,Αραδίππου
Δαναού,,6052,Λάρνακα
Δαναού,,7100,Αραδίππου
Δαρβίνου,,6031,Λάρνακα
Δαρδανελλίων,,7103,Αραδίππου
Δαυλού,,7100,Αραδίππου
Δάφνης,,6041,Λάρνακα
Δάφνης,,7100,Αραδίππου
Δεινάρχου,,6030,Λάρνακα
Δελφών,,6010,Λάρνακα
Δελφών,,7104,Αραδίππου
Δερβενακίων,,6036,Λάρνακα
Δερβενακίων,,7103,Αραδίππου
Δευκαλίωνος,,6020,Λάρνακα
Δευκαλίωνος,,7101,Αραδίππου
Δήλου,,6058,Λάρνακα
Δήλου,,7104,Αραδίππου
Δημητράκη Διανέλλου,,6050,Λάρνακα
Δημητράκη Κουμανταρή,,7103,Αραδίππου
Δήμητρας,,6016,Λάρνακα
Δήμητρας,,7103,Αραδίππου
Δημήτρη Καλλέργη,,6037,Λάρνακα
Δημήτρη Λιπέρτη,,6050,Λάρνακα
Δημήτρη Λιπέρτη,,7104,Αραδίππου
Δημήτρη Ψαθά,,6041,Λάρνακα
Δημητρίου Δημητριάδη,,6021,Λάρνακα
Δημήτρίου Δημητρίου Ν.,,6022,Λάρνακα
Δημητρίου Κουτουμάνου,,6013,Λάρνακα
Δημητρίου Μαργαρίτη,,6042,Λάρνακα
Δημητρίου Παπανικολή Λεωφόρος,,6053,Λάρνακα
Δημητρίου Τυρίμου,,6041,Λάρνακα
Δημητρίου Χάματσου,,6036,Λάρνακα
Δημητρίου Χάματσου,,7102,Αραδίππου
Δημητσάνης,,6043,Λάρνακα
Δημοκρίτου,,6035,Λάρνακα
Δημοκρίτου,,7104,Αραδίππου
Δημονίκου,,6016,Λάρνακα
Δημοσθένη Μιτσή,,6022,Λάρνακα
Δημοσθένους,,6058,Λάρνακα
Δημοσθένους,,7103,Αραδίππου
Δημοτικής Αγοράς,,6021,Λάρνακα
Διαγόρου,,6015,Λάρνακα
Διαγόρου,,7102,Αραδίππου
Διαττόντων,,6053,Λάρνακα
Διγενή Ακρίτα,,6021,Λάρνακα
Διδυμοτείχου,,7100,Αραδίππου
Διδύμων Πλατεία,,6056,Λάρνακα
Δικώμου,,7104,Αραδίππου
Διογένους,,6020,Λάρνακα
Διογένους,,7104,Αραδίππου
Διομήδους,,6013,Λάρνακα
Διομήδους,,7103,Αραδίππου
Διονυσίου Σολωμού,,6017,Λάρνακα
Διονυσίου Σολωμού,,7104,Αραδίππου
Διονύσου,,7104,Αραδίππου
Διόσκουρων,,6053,Λάρνακα
Δομήνικου Θεοτοκόπουλου,,6057,Λάρνακα
Δόξης,,7101,Αραδίππου
Δορυφόρων,,6053,Λάρνακα
Δουρείου 'Ιππου,,6046,Λάρνακα
Δουρείου 'Ιππου,,7101,Αραδίππου
Δράκοντος Πλατεία,,6056,Λάρνακα
Δράμας,,6031,Λάρνακα
Δράμας,,7101,Αραδίππου
Δρυάδων,,6041,Λάρνακα
Δυσδαιμόνας,,6016,Λάρνακα
Δωδεκανήσου,,7104,Αραδίππου
Δωδώνης,,7101,Αραδίππου
Δωριέων,,7100,Αραδίππου
Ε,,,
Έαρος,,6041,Λάρνακα
Έβερεστ,,7105,Αραδίππου
Έβρου,,6031,Λάρνακα
Έβρου,,7100,Αραδίππου
Έγκωμης,,6027,Λάρνακα
Έγκωμης,,7104,Αραδίππου
Εγνατίας,,7101,Αραδίππου
Εδέσσης,,6046,Λάρνακα
Εθελοντών Β' Παγκοσμίου Πολέμου,,7100,Αραδίππου
Έϊναρ Γιερστάδ,,6015,Λάρνακα
Ειρήνης,,6036,Λάρνακα
Ειρήνης,,7104,Αραδίππου
Εκάβης,,7101,Αραδίππου
Εκάλης,,6037,Λάρνακα
Εκάλης,,7104,Αραδίππου
Εκάτης,,6056,Λάρνακα
Εκβατάνων,,6051,Λάρνακα
Εκκλησίας Αγίου Ιωάννου,,6050,Λάρνακα
Έκτορος,,6013,Λάρνακα
Έκτορος,,7103,Αραδίππου
Ελ Αλαμέϊν,,6025,Λάρνακα
Ελ Γκρέκο,,6046,Λάρνακα
Ελ Γκρέκο,,7102,Αραδίππου
Ελασσόνος,,7101,Αραδίππου
Ελένης Μενελάου,,7100,Αραδίππου
Ελένης Παλαιολογίνας,,6045,Λάρνακα
Ελευθερίας Λεωφόρος,,6030,Λάρνακα
Ελευθερίας Λεωφόρος,1 - τ.,7102,Αραδίππου
Ελευθερίας Λεωφόρος,2 - τ.,7101,Αραδίππου
Ελευθερίου Βενιζέλου,,6011,Λάρνακα
Ελευθερίου Βενιζέλου,,7104,Αραδίππου
Ελευθερίου Ευτυχίου,,7102,Αραδίππου
Ελευσίνος,,6051,Λάρνακα
Ελλάδος Λεωφόρος,,7101, Αραδίππου 
Έλλης,,6056,Λάρνακα
Ελλησπόντου,,6030,Λάρνακα
Ελλησπόντου,,7100,Αραδίππου
Ελπίδος,,6058,Λάρνακα
Ελπίδος,,7102,Αραδίππου
Εμμανουήλ Ξάνθου,,6018, Λάρνακα 
Εμπεδοκλέους,,6043,Λάρνακα
Ενδυμίωνος,,6053,Λάρνακα
Επιδαύρου,,6036,Λάρνακα
Επιδαύρου,,7102,Αραδίππου
Επίκουρου,,6052,Λάρνακα
Επίκουρου,,7101,Αραδίππου
Επτακώμης,,7100,Αραδίππου
Επτανήσου,,7102,Αραδίππου
Ερατοσθένους,,6053,Λάρνακα
Ερεχθείου,,6052,Λάρνακα
Ερζερούμ,,6051,Λάρνακα
Ερμείου,,6046,Λάρνακα
Ερμού,"1 - 41, 2 - 70",6023,Λάρνακα
Ερμού,43 - τ. 72 - τ.,6022,Λάρνακα
Ερμού,,7103,Αραδίππου
Ερωτοκρίτου,,6031,Λάρνακα
Εσκί Τσαρσί,,6026,Λάρνακα
Εσπερίδων,,6050,Λάρνακα
Εσπερίδων,,7103,Αραδίππου
Εστιάδων,,6037,Λάρνακα
Εστιάδων,,7103,Αραδίππου
Εστίας,,7104,Αραδίππου
Εστίας Πάροδος,,7104,Αραδίππου
Ευαγγέλου Παπανούτσου,,6027,Λάρνακα
Ευαγγέλου Χατζηιωάννου,,6021,Λάρνακα
Ευαγόρα Παλληκαρίδη,,6050,Λάρνακα
Ευαγόρα Παλληκαρίδη,,7102,Αραδίππου
Ευαγόρου,,7104,Αραδίππου
Ευανθίας Πιερίδου,,6022,Λάρνακα
Ευβοίας,,6051,Λάρνακα
Ευζώνων,,6018,Λάρνακα
Ευζώνων,,7104,Αραδίππου
Ευημερίας,,6056,Λάρνακα
Ευθυμίου Κερτεπενέ,,7100,Αραδίππου
Ευκλείδου,,6056,Λάρνακα
Εύκλου,,6035,Λάρνακα
Ευξείνου Πόντου,,6056,Λάρνακα
Ευξείνου Πόντου,,7100,Αραδίππου
Ευριπίδου,,6036,Λάρνακα
Ευριπίδου,,7104,Αραδίππου
Ευρυβιάδου,,6023,Λάρνακα
Ευρωπαϊκής Ένωσης Λεωφόρος,,6043,Λάρνακα
Ευρώπης,,7100,Αραδίππου
Ευρώτα,,7100,Αραδίππου
Ευτέρπης,,7104,Αραδίππου
Ευφροσύνης Ταρσή,,6015,Λάρνακα
Εφέσου,,6036,Λάρνακα
Ζ,,,
Ζακύνθου,"1 - 5, 2 - 4",6012,Λάρνακα
Ζακύνθου,7 - τ. 10 - τ.,6018,Λάρνακα
Ζακύνθου,,7102,Αραδίππου
Ζαλόγγου,,6036,Λάρνακα
Ζαλόγγου,,7103,Αραδίππου
Ζαππείου,,7102,Αραδίππου
Ζαφέρ,,6026,Λάρνακα
Ζαχαρία Παπαντωνίου,,6041,Λάρνακα
Ζενίθ,,6053,Λάρνακα
Ζεφύρου,,6041,Λάρνακα
Ζήνωνος,,7104,Αραδίππου
Ζήνωνος Κιτιέως,"1 - 35, 2 - 22",6023,Λάρνακα
Ζήνωνος Κιτιέως,24 - τ. 37 - τ.,6022,Λάρνακα
Ζήνωνος Πιερίδη,,6023,Λάρνακα
Ζιγιά Γκιοκάλπ,,6025,Λάρνακα
Η,,,
Ήβης Πετρίδου,,6052,Λάρνακα
Ηγουμενίτσας,,6037,Λάρνακα
Ηγουμενίτσας,,7104,Αραδίππου
Ηλέκτρας,,6057,Λάρνακα
Ηλέκτρας,,7104,Αραδίππου
Ηλία Βενέζη,,6041,Λάρνακα
Ηλία Παπακυριακού,,7104,Αραδίππου
Ηλία Τανταλίδη,,6056,Λάρνακα
Ηλία Τζιαμπάζη,,7101,Αραδίππου
Ηλυσίων,,7104,Αραδίππου
Ηλυσίων Πεδίων,,6043,Λάρνακα
Ηνιόχου Πλατεία,,6056,Λάρνακα
Ηνωμένων Εθνών,,6042,Λάρνακα
Ηνωμένων Πολιτειών Λεωφόρος,,6043,Λάρνακα
Ηπείρου,,6031,Λάρνακα
Ηπείρου,,7100,Αραδίππου
Ηρακλείου,,6030,Λάρνακα
Ηρακλείτου,,6057,Λάρνακα
Ηρακλέους,,6045,Λάρνακα
Ηρακλέους,,7104,Αραδίππου
Ήρας,,6057,Λάρνακα
Ηροδότου,,6036,Λάρνακα
Ηροδότου,,7104,Αραδίππου
Ηρώδου Αττικού,,6042,Λάρνακα
Ησιόδου,,6035,Λάρνακα
Ηφαίστου,,6021,Λάρνακα
Ηφαίστου,,7102,Αραδίππου
Ηχούς,,6020,Λάρνακα
Θ,,,
Θάλειας,,6047,Λάρνακα
Θάλειας,,7104,Αραδίππου
Θαλή Μιλήσιου,,6035,Λάρνακα
Θάσου,,6040,Λάρνακα
Θέμιδος,,6057,Λάρνακα
Θεμιστοκλέους,,7104,Αραδίππου
Θεμιστοκλή Θεοχαρίδη,,6041,Λάρνακα
Θεοδόση Πιερίδη,,6042,Λάρνακα
Θεοδώρου Κολοκοτρώνη,,6017,Λάρνακα
Θεοδώρου Κολοκοτρώνη,,7104,Αραδίππου
Θεοδώρου Κωνσταντινίδη,,6052,Λάρνακα
Θεοδώρου Μαρσέλλου,,6041,Λάρνακα
Θερμοπυλών,,6023,Λάρνακα
Θερμοπυλών,,7104,Αραδίππου
Θεσσαλίας,,6030,Λάρνακα
Θεσσαλίας,,7101,Αραδίππου
Θεσσαλονίκης Λεωφόρος,,6035,Λάρνακα
Θεσσαλονίκης,,7101,Αραδίππου
Θέτιδος,,7104,Αραδίππου
Θηβών,,6042,Λάρνακα
Θήρας,,6057,Λάρνακα
Θησείου,,6053,Λάρνακα
Θησέως,,6035,Λάρνακα
Θησέως,,7104,Αραδίππου
Θουκυδίδου,,6021,Λάρνακα
Θουκυδίδου,,7100,Αραδίππου
Θράκης,,6030,Λάρνακα
Θράκης,,7100,Αραδίππου
Θρασυβούλου Ρόπα,,6037,Λάρνακα
Θυατείρων,,6042,Λάρνακα
Ι,,,
Ιακώβου Μάρκου,,6051,Λάρνακα
Ιακώβου Πατάτσου,,7101,Αραδίππου
Ιασίου,,7103,Αραδίππου
Ιάσονος,,6052,Λάρνακα
Ιάσονος,,7100,Αραδίππου
Ιατρού Φόμπλαντ,,6043,Λάρνακα
Ιβύκου,,7101,Αραδίππου
Ιερού Λόχου,,6052,Λάρνακα
Ιερού Λόχου,,7102,Αραδίππου
Ιερωνύμου Βαρλαάμ,,6042,Λάρνακα
Ιερωνύμου Περιστιάνη,,6012,Λάρνακα
Ιθάκης,,6013,Λάρνακα
Ιθάκης,,7102,Αραδίππου
Ικαρίας,,7100,Αραδίππου
Ικάρου,,6050,Λάρνακα
Ικάρου,,7104,Αραδίππου
Ιλιάδος,,7102,Αραδίππου
Ιλισσού,,6056,Λάρνακα
Ιλισσού,,7101,Αραδίππου
Ίμβρου,,6027,Λάρνακα
Ιονίου Πελάγους,,6059,Λάρνακα
Ιονίου Πελάγους,,7102,Αραδίππου
Ιονίου Πολιτείας,,6057,Λάρνακα
Ιουλίου Βερν,,6041,Λάρνακα
Ιουλίου Βερν,,7101,Αραδίππου
Ιουστινιανού,,6045,Λάρνακα
Ιουστινιανού,,7104,Αραδίππου
Ιπποκράτους,,6025,Λάρνακα
Ιπποκράτους,,7102,Αραδίππου
Ιππολύτου,,6046,Λάρνακα
Ίριδος,,6056,Λάρνακα
Ίριδος,,7101,Αραδίππου
Ίσιδος,,7104,Αραδίππου
Ισιδώρου,,7102,Αραδίππου
Ισιδώρου Μιλήσιου,,6036,Λάρνακα
Ισμήνης,,6057,Λάρνακα
Ισμήνης,,7100,Αραδίππου
Ισοκράτους,,7103,Αραδίππου
Ισσίκ,,6026,Λάρνακα
Ισσού,,6051,Λάρνακα
Ιστανμπούλ,,6025,Λάρνακα
Ιστικλάλ,,6026,Λάρνακα
Ιφιγενείας,,6035,Λάρνακα
Ιφιγενείας,,7102,Αραδίππου
Ιχσάν Αλή,,6027,Λάρνακα
Ιωάννη Κακριδή,,6041,Λάρνακα
Ιωάννη Καποδίστρια,,6052,Λάρνακα
Ιωάννη Καποδίστρια,,7100,Αραδίππου
Ιωάννη Καρίπη,,7104,Αραδίππου
Ιωάννη Κονδυλάκη,,6042,Λάρνακα
Ιωάννη Μακρυγιάννη,,6042,Λάρνακα
Ιωάννη Μακρυγιάννη,,7101,Αραδίππου
Ιωάννη Μαρσέλλου,,6018,Λάρνακα
Ιωάννη Μεταξά,,7104,Αραδίππου
Ιωάννη Μίλτωνος,,6046,Λάρνακα
Ιωάννη Ντυνάν,,6042,Λάρνακα
Ιωάννη Πασικράτη,,6012,Λάρνακα
Ιωάννη Πολέμη,,6041,Λάρνακα
Ιωάννη Συκουτρή,,6011,Λάρνακα
Ιωάννη Τσικνοπούλου,,6018,Λάρνακα
Ιωάννη Χάκκετ,,6045,Λάρνακα
Ιωαννίνων,,6050,Λάρνακα
Ιωαννίνων,,7104,Αραδίππου
Ιωνίας,,6036,Λάρνακα
Ιωνίας,,7101,Αραδίππου
Ίωνος Δραγούμη,,7101,Αραδίππου
Κ,,,
Καβάλας,,6047,Λάρνακα
Καβάλας,,7100,Αραδίππου
Καισαρείας,,6036,Λάρνακα
Καλαβρύτων,,6042,Λάρνακα
Καλαβρύτων,,7100,Αραδίππου
Καλαμάτας,,6036,Λάρνακα
Καλαμάτας,,7100,Αραδίππου
Κάλαμου,,7102,Αραδίππου
Καλαμπάκας,,6037,Λάρνακα
Καλλιθέας,,6017,Λάρνακα
Καλλιθέας,,7101,Αραδίππου
Καλλικράτους,,7104,Αραδίππου
Καλλιπόλεως,,7100,Αραδίππου
Καλλιρόης,,6057,Λάρνακα
Καλογραίας,,7104,Αραδίππου
Καλογραιών,,6016,Λάρνακα
Καλοψίδας,,7101,Αραδίππου
Καλυβιών,,6040,Λάρνακα
Καλύμνου,,6037,Λάρνακα
Καλύμνου,,7100,Αραδίππου
Κανακαριάς,,6052,Λάρνακα
Κανάκη,,6041,Λάρνακα
Καντάρας,,6056,Λάρνακα
Καντάρας,,7104,Αραδίππου
Καππαδοκίας,,7101,Αραδίππου
Καραβά,,6056,Λάρνακα
Καραβά,,7100,Αραδίππου
Καραολή και Δημητρίου,,6021,Λάρνακα
Καρδίτσης,,6037,Λάρνακα
Καρδίτσης,,7102,Αραδίππου
Καρπάθου,,7100,Αραδίππου
Καρπασίας,,6017,Λάρνακα
Καρπασίας,,7100,Αραδίππου
Καρπενησίου,,6037,Λάρνακα
Καρυάτιδων,,6042,Λάρνακα
Καρυάτιδων,,7101,Αραδίππου
Κασπίων Πυλών,,6051,Λάρνακα
Κασσάνδρας,,7102,Αραδίππου
Κασσιοπείας,,6053,Λάρνακα
Κασταλίας,,6040,Λάρνακα
Καστελλορίζου,,6031,Λάρνακα
Καστοριάς,,6046,Λάρνακα
Καστοριάς,,7103,Αραδίππου
Κατερίνης,,6037,Λάρνακα
Κάτω Βαρωσίων,,6047,Λάρνακα
Κατώλη και Γεωργίου,,6025,Λάρνακα
Καψάλη,,7100,Αραδίππου
Κέας,,7100,Αραδίππου
Κέκροπος,,6052,Λάρνακα
Κενταύρου,,6036,Λάρνακα
Κενταύρου,,7103,Αραδίππου
Κερκύρας,,6012,Λάρνακα
Κερκύρας,,7102,Αραδίππου
Κερύνειας,,6056,Λάρνακα
Κερύνειας,,7100,Αραδίππου
Κεφαλληνίας,,6018,Λάρνακα
Κεφαλληνίας,,7102,Αραδίππου
Κεφαλοβρύσου,,7104,Αραδίππου
Κηφισιάς,,6017,Λάρνακα
Κηφισιάς,,7101,Αραδίππου
Κιαμίλ Κενάν,,6026,Λάρνακα
Κιθαίρονος,,6052,Λάρνακα
Κίκας και Φρόσως Σούντια,,6016,Λάρνακα
Κικέρωνος,,6030,Λάρνακα
Κιλελέρ,,6052,Λάρνακα
Κιλκίς,,6015,Λάρνακα
Κιλκίς,,7104,Αραδίππου
Κίμωνος,,6015,Λάρνακα
Κίμωνος,,7104,Αραδίππου
Κινύρα,,6020,Λάρνακα
Κινύρα,,7104,Αραδίππου
Κίρκης,,6046,Λάρνακα
Κίρκης,,7100,Αραδίππου
Κισάβου,,6042,Λάρνακα
Κιτίου,,6016,Λάρνακα
Κίτσου Τζαβέλλα,,6053,Λάρνακα
Κλεάνθη Καλογερά,,6022,Λάρνακα
Κλεάνθη Μεσολογγίτη,,6051,Λάρνακα
Κλειούς,,6050,Λάρνακα
Κλειούς,,7104,Αραδίππου
Κλείτου Μανδρίτη,,6043,Λάρνακα
Κλεοβούλου Παπακυριακού,,6018,Λάρνακα
Κλεόπα Στοά,,6025,Λάρνακα
Κλεόπα Χριστοδούλου,,6018,Λάρνακα
Κλήμου,,7101,Αραδίππου
Κλυταιμνήστρας,,6050,Λάρνακα
Κλυταιμνήστρας,,7101,Αραδίππου
Κνωσού,,6040,Λάρνακα
Κνωσού,,7104,Αραδίππου
Κοδριγκτώνος,,6022,Λάρνακα
Κόδρου,,7104,Αραδίππου
Κοζάνης,,6047,Λάρνακα
Κοζάνης,,7102,Αραδίππου
Κόκκινες,,6055,Λάρνακα
Κοκκινιάς,,6046,Λάρνακα
Κοκκινιάς,,7102,Αραδίππου
Κολχίδος,,6043,Λάρνακα
Κόμη Βερενίκης,,6053,Λάρνακα
Κομητών,,6053,Λάρνακα
Κομνηνού,,6045,Λάρνακα
Κομοτηνής,,6046,Λάρνακα
Κομοτηνής,,7100,Αραδίππου
Κονίτσης,,6037,Λάρνακα
Κοντέας,,6047,Λάρνακα
Κοντέας,,7104,Αραδίππου
Κοπέρνικου,,6031,Λάρνακα
Κορίνθου,,6051,Λάρνακα
Κορίνθου,,7101,Αραδίππου
Κορμακίτη,,7101,Αραδίππου
Κορυτσάς,,6043,Λάρνακα
Κορυτσάς,,7102,Αραδίππου
Κορωπίου,,6040,Λάρνακα
Κοσμά Λυσιώτη,,6022,Λάρνακα
Κοτζιά Τεπέ,,6025,Λάρνακα
Κουλτούρ,,6051,Λάρνακα
Κουρίου,,6016,Λάρνακα
Κουρίου,,7102,Αραδίππου
Κουρτουλούς,,6026,Λάρνακα
Κρήτης,,6030,Λάρνακα
Κρήτης,,7100,Αραδίππου
Κρίνων,,6041,Λάρνακα
Κρίνων,,7104,Αραδίππου
Κροίσου,,7103,Αραδίππου
Κρόνου,,6036,Λάρνακα
Κρόνου,,7104,Αραδίππου
Κυβέλης,,6041,Λάρνακα
Κυβέλης,,7104,Αραδίππου
Κύζη Στοά,,6021,Λάρνακα
Κυθήρων,,6037,Λάρνακα
Κυθήρων,,7100,Αραδίππου
Κυθρέας,,6056,Λάρνακα
Κυθρέας,,7104,Αραδίππου
Κυκλάδων,,6036,Λάρνακα
Κυκλάδων,,7101,Αραδίππου
Κυκλική Λεωφόρος,,6056,Λάρνακα
Κύκλωπος,,6041,Λάρνακα
Κύκνων,,7104,Αραδίππου
Κυπριανού Παυλίδη,,6050,Λάρνακα
Κυριάκου Καρνέρα,,6041,Λάρνακα
Κυριάκου Μάτση,,6015,Λάρνακα
Κυριάκου Μάτση Λεωφόρος,1 - τ.,7104,Αραδίππου
Κυριάκου Μάτση Λεωφόρος,2 - τ.,7102,Αραδίππου
Κω,,6036,Λάρνακα
Κώμας του Γιαλού,,6027,Λάρνακα
Κωνσταντίνου Αμάντου,,6012,Λάρνακα
Κωνσταντίνου Βαλσαμάκη,,6042,Λάρνακα
Κωνσταντίνου Ζαχαριάδη,,6011,Λάρνακα
Κωνσταντίνου Καβάφη,,6057,Λάρνακα
Κωνσταντίνου Καβάφη,,7102,Αραδίππου
Κωνσταντίνου Κακούλλα,,6047,Λάρνακα
Κωνσταντίνου Καλογερά,,6021,Λάρνακα
Κωνσταντίνου Κανάρη,,6013,Λάρνακα
Κωνσταντίνου Κανάρη,,7102,Αραδίππου
Κωνσταντίνου Παλαιολόγου Λεωφόρος,"1 - 57, 2 - 50",6036,Λάρνακα
Κωνσταντίνου Παλαιολόγου Λεωφόρος,52 - τ. 59 - τ.,6037,Λάρνακα
Κωνσταντίνου Παλαιολόγου,,7103,Αραδίππου
Κωνσταντίνου Παπαρρηγοπούλου,,6035,Λάρνακα
Κωνσταντίνου Χριστοφίδη,,6021,Λάρνακα
Κωνσταντινουπόλεως,,6042,Λάρνακα
Κώστα Βάρναλη,,6041,Λάρνακα
Κώστα Καρυωτάκη,,6042,Λάρνακα
Κώστα Κρυστάλλη,,6046,Λάρνακα
Κώστα Κρυστάλλη,,7102,Αραδίππου
Κώστα Μαρκίδη,,6028,Λάρνακα
Κώστα Ουράνη,,6030,Λάρνακα
Κώστα Συμεού,,7101,Αραδίππου
Κώστα Φράγκου,,7104,Αραδίππου
Κωστάκη Παντελίδη,,6021,Λάρνακα
Κωστή Παλαμά,,6016,Λάρνακα
Κωστή Παλαμά,,7102,Αραδίππου
Κωστή Σάββα,,6022,Λάρνακα
Λ,,,
Λαβυρίνθου,,6022,Λάρνακα
Λαβυρίνθου,,7101,Αραδίππου
Λαγγαδά,,7104,Αραδίππου
Λαέρτου,,7102,Αραδίππου
Λαζάρου Κουντουριώτη,,7103,Αραδίππου
Λακωνίας,,6036,Λάρνακα
Λακωνίας,,7104,Αραδίππου
Λαλά Μουσταφά Πασά,,6026,Λάρνακα
Λαμίας,,6040,Λάρνακα
Λαμίας,,7101,Αραδίππου
Λαμπαδίας,,6053,Λάρνακα
Λαμπούσης,,6056,Λάρνακα
Λαμπούσης,,7100,Αραδίππου
Λάμπρου Κατσώνη,,6042,Λάρνακα
Λάμπρου Λάμπρου,,6042,Λάρνακα
Λάμπρου Τζαβέλλα,,7103,Αραδίππου
Λαπήθου,,6056,Λάρνακα
Λαπήθου,,7100,Αραδίππου
Λαρίσης,,6040,Λάρνακα
Λαρίσης,,7104,Αραδίππου
Λασιθίου,,6030,Λάρνακα
Λαυρίου,,6040,Λάρνακα
Λεμεσού Λεωφόρος,,6040,Λάρνακα
Λεμεσού Λεωφόρος,,6041,Λάρνακα
Λεμεσού Λεωφόρος,,6042,Λάρνακα
Λεμεσού Λεωφόρος,,6043,Λάρνακα
Λεονάρδου Ντα Βίντσι,,6046,Λάρνακα
Λεονάρδου Ντα Βίντσι,,7102,Αραδίππου
Λεοναρίσσου,,7100,Αραδίππου
Λεοντίου Μαχαιρά,,6012,Λάρνακα
Λεοντίου Μαχαιρά,,7102,Αραδίππου
Λέοντος Νεμέας,,6047,Λάρνακα
Λέοντος Σοφού,,6021,Λάρνακα
Λέοντος Τολστόϊ,,6045,Λάρνακα
Λεοπόλδου Γκλάσνερ,,6041,Λάρνακα
Λέσβου,,6036,Λάρνακα
Λέσβου,,7101,Αραδίππου
Λευκάδος,,6012,Λάρνακα
Λευκάδος,,7102,Αραδίππου
Λευκάρων,,6056,Λάρνακα
Λεύκας,,7101,Αραδίππου
Λευκονοίκου,,6047,Λάρνακα
Λευκονοίκου,,7104,Αραδίππου
Λεύκωνος,,6013,Λάρνακα
Λεωνίδα Κιούπη,,6030,Λάρνακα
Λεωνίδου,,6030,Λάρνακα
Λεωνίδου,,7104,Αραδίππου
Λήμνου,,7102,Αραδίππου
Λιβαδιάς,,6040,Λάρνακα
Λιμνιών,,6055,Λάρνακα
Λιοσίων,,6018,Λάρνακα
Λιστ,,6056,Λάρνακα
Λοΐζου Φιλίππου,,6012,Λάρνακα
Λόρδου Βύρωνος,,6023,Λάρνακα
Λόρδου Βύρωνος,,7102,Αραδίππου
Λουδοβίκου Μπετόβεν,,6041,Λάρνακα
Λουζινιανών,,6015,Λάρνακα
Λουκή Ακρίτα,,6015,Λάρνακα
Λουκή Πιερίδη,,6021,Λάρνακα
Λουτρακίου,,6037,Λάρνακα
Λουτρακίου,,7101,Αραδίππου
Λυθράγκωμης,,7100,Αραδίππου
Λυκαβηττού,,6025,Λάρνακα
Λυκαβηττού,,7102,Αραδίππου
Λυκούργου,,6035,Λάρνακα
Λυκούργου,,7103,Αραδίππου
Λύρας Πλατεία,,6056,Λάρνακα
Λύσης,,6055,Λάρνακα
Λύσης,,7104,Αραδίππου
Λυσικράτους,,6030,Λάρνακα
Λυσίου,,6030,Λάρνακα
Λυσιστράτης,,7104,Αραδίππου
Λύσου Σανταμά,,6052,Λάρνακα
Μ,,,
Μαδαρής,,7104,Αραδίππου
Μακεδονίας,,6030,Λάρνακα
Μακεδονίας,,7100,Αραδίππου
Μακράσυκας,,6055,Λάρνακα
Μακράσυκας,,7100,Αραδίππου
Μάνης,,7103,Αραδίππου
Μάνου Κατράκη,,6041,Λάρνακα
Μάνου Κατράκη,,7101,Αραδίππου
Μάνου Λοΐζου,,6052,Λάρνακα
Μάνου Χατζηδάκι,,6040,Λάρνακα
Μανώλη Ανδρόνικου,,6041,Λάρνακα
Μανώλη Καλομοίρη,,6017,Λάρνακα
Μαραθάσας,,7104,Αραδίππου
Μαραθοβούνου,,6055,Λάρνακα
Μαραθοβούνου,,7104,Αραδίππου
Μαραθώνος,,6017,Λάρνακα
Μαραθώνος,,7104,Αραδίππου
Μαρίας Ιορδανίδου,,6057,Λάρνακα
Μαρίας Πιερίδου,,6050,Λάρνακα
Μαρίας Συγκλητικής,,6030,Λάρνακα
Μαρίκας Κοτοπούλη,,6027,Λάρνακα
Μάριου Σιαρή,,7104,Αραδίππου
Μαρκοπούλου,,7100,Αραδίππου
Μάρκου Δράκου,,6011,Λάρνακα
Μάρκου Δράκου,,7104,Αραδίππου
Μάρκου Μπότσαρη,,6018,Λάρνακα
Μάρκου Μπότσαρη,,7100,Αραδίππου
Μάρτιν Λούθερ Κιγκ,,6057,Λάρνακα
Μαυροϊδή,,6022,Λάρνακα
Μαχαιρά,,7103,Αραδίππου
Μεγάλου Αλεξάνδρου,,6030,Λάρνακα
Μεγάλου Αλεξάνδρου,,7104,Αραδίππου
Μεγάρων,,6040,Λάρνακα
Μεγάρων,,7104,Αραδίππου
Μεδούσης,,6059,Λάρνακα
Μελάθρου Ευγηρίας,,6010,Λάρνακα
Μελάναρκας,,6056,Λάρνακα
Μελετίου Μεταξάκη,,6050,Λάρνακα
Μελή Νικολαΐδη,,6017,Λάρνακα
Μελίνας Μερκούρη,,6027,Λάρνακα
Μελίνας Μερκούρη,,7102,Αραδίππου
Μελπομένης,,7103,Αραδίππου
Μενελάου,,6035,Λάρνακα
Μενελάου,,7104,Αραδίππου
Μενζίλ,,6026,Λάρνακα
Μερόπης,,6058,Λάρνακα
Μερόπης,,7102,Αραδίππου
Μεσαορίας,,7101,Αραδίππου
Μεσολογγίου,,6045,Λάρνακα
Μεσολογγίου,,7104,Αραδίππου
Μεσσηνίας,,7100,Αραδίππου
Μετεώρων,,7100,Αραδίππου
Μετσόβου,,6037,Λάρνακα
Μεχμέτ Αλή,,6026,Λάρνακα
Μεχμέτ Νιγιαζή,,6027,Λάρνακα
Μήδειας,,7101,Αραδίππου
Μηλιάς,,6055,Λάρνακα
Μηλιάς,,7104,Αραδίππου
Μητροπόλεως Πλατεία,,6050,Λάρνακα
Μητροπολίτου Κυπριανού Οικονομίδη,,6056,Λάρνακα
Μητροπολίτου Σμύρνης Χρυσοστόμου,,6056,Λάρνακα
Μίκη Θεοδωράκη,,6037,Λάρνακα
Μικράς Ασίας,,6043,Λάρνακα
Μικρού Δρόμου,,6015,Λάρνακα
Μιλήτου,,6035,Λάρνακα
Μιλήτου,,7102,Αραδίππου
Μιλτιάδους,,6017,Λάρνακα
Μιλτιάδους,,7104,Αραδίππου
Μίνωος,,6030,Λάρνακα
Μίνωος,,7102,Αραδίππου
Μινώταυρου,,6037,Λάρνακα
Μιχαήλ 'Αγγελου,,6028,Λάρνακα
Μιχαήλ Ζένιου,,7100,Αραδίππου
Μιχαήλ Καραολή,,7104,Αραδίππου
Μιχαήλ Κάσιαλου,,6056,Λάρνακα
Μιχαήλ Κουτσόφτα,,7102,Αραδίππου
Μιχαήλ Παρίδη,,6020,Λάρνακα
Μιχαήλ Παρίδη,,7104,Αραδίππου
Μιχαήλ Παρτέλλα,,6015,Λάρνακα
Μιχαλάκη Μακρίδη,,7104,Αραδίππου
Μιχαλάκη Νικολαΐδη,,6017,Λάρνακα
Μοδέστου Παντελή,,7104,Αραδίππου
Μοιρών,,6041,Λάρνακα
Μονεμβασίας,,6043,Λάρνακα
Μονής Κύκκου,,6043,Λάρνακα
Μονοσάνδαλου,,6041,Λάρνακα
Μόρφου,,6056,Λάρνακα
Μουσών,,6050,Λάρνακα
Μουσών,,7100,Αραδίππου
Μπαρμπαρός Χαϋρεντίν Πασά,,6026,Λάρνακα
Μπαχ,,6030,Λάρνακα
Μπεκίρ Πασά,,6026,Λάρνακα
Μπέλαπαϊς,,7100,Αραδίππου
Μπογαζίου,,7104,Αραδίππου
Μποζ Κουρτ,,6026,Λάρνακα
Μποζ Νταγκ,,6026,Λάρνακα
Μπουγιούκ Τζαμί,,6026,Λάρνακα
Μπουμπουλίνας,,6017,Λάρνακα
Μπουμπουλίνας,,7104,Αραδίππου
Μπρατισλάβας,,6056,Λάρνακα
Μυκηνών,,6010,Λάρνακα
Μυκηνών,,7100,Αραδίππου
Μυκόνου,,6058,Λάρνακα
Μυκόνου,,7102,Αραδίππου
Μυρμιδόνων,,7100,Αραδίππου
Μύρτου,,6056,Λάρνακα
Μύρτου,,7100,Αραδίππου
Μυστρά,,6042,Λάρνακα
Μυστρά,,7101,Αραδίππου
Μυτιλήνης,,6042,Λάρνακα
Ν,,,
Ναζαρέτ,,6036,Λάρνακα
Ναϊάδων,,6047,Λάρνακα
Νάξου,,6037,Λάρνακα
Νάξου,,7104,Αραδίππου
Ναούσης,,6018,Λάρνακα
Ναούσης,,7104,Αραδίππου
Ναρκίσσου,,6037,Λάρνακα
Ναρκίσσου,,7101,Αραδίππου
Ναυαρίνου,,6011,Λάρνακα
Ναυαρίνου,,7103,Αραδίππου
Ναυπάκτου,,6031,Λάρνακα
Ναυπάκτου,,7104,Αραδίππου
Ναυπλίου,,6011,Λάρνακα
Ναυπλίου,,7101,Αραδίππου
Ναυσικάς,,7104,Αραδίππου
Νεαπόλεως,,6036,Λάρνακα
Νεαπόλεως,,7104, Αραδίππου 
Νέας Ιωνίας,,7101,Αραδίππου
Νεκταρίου Μοναχού,,7103,Αραδίππου
Νεμέσεως,,6017,Λάρνακα
Νεμέσεως,,7102,Αραδίππου
Νεοκλή Κυριαζή,,6012,Λάρνακα
Νεοπτολέμου,,7101,Αραδίππου
Νεοφύτου Ροδινού,,6012,Λάρνακα
Νεύτωνος,,6035,Λάρνακα
Νεφέλης,,6052,Λάρνακα
Νηρέα,,7101,Αραδίππου
Νηρηίδων,,6041,Λάρνακα
Νιγρίτας,,6018,Λάρνακα
Νίκαιας,,6057,Λάρνακα
Νικάνδρου,,6035,Λάρνακα
Νίκης,,7101,Αραδίππου
Νικηταρά,,6052,Λάρνακα
Νικηταρά,,7104,Αραδίππου
Νικηφόρου Φωκά,,6021,Λάρνακα
Νικηφόρου Φωκά,,7100,Αραδίππου
Νικοδήμου Μυλωνά,"1 - 9, 2 - 32",6050,Λάρνακα
Νικοδήμου Μυλωνά,11 - τ. 34 - τ.,6010,Λάρνακα
Νικοδήμου Μυλωνά,,7104,Αραδίππου
Νικοκλέους,,6035,Λάρνακα
Νικολάου Θεμιστοκλέους,,6045,Λάρνακα
Νικολάου Καταλάνου,,6050,Λάρνακα
Νικολάου Λανίτου,,6022,Λάρνακα
Νικολάου Μαντζάρου,,6042,Λάρνακα
Νικολάου Πολίτου,,6051,Λάρνακα
Νικολάου Ρώσσου,,6021,Λάρνακα
Νικολάου Σαριπόλου,,6050,Λάρνακα
Νικολάου Σκουφά,,6013,Λάρνακα
Νικολάου Σκουφά,,7104,Αραδίππου
Νίκου Αντωνιάδη,,6021,Λάρνακα
Νίκου Γκάτσου,,6041,Λάρνακα
Νίκου Δημητρίου,,6031,Λάρνακα
Νίκου Καζαντζάκη,,6057,Λάρνακα
Νίκου Νικολαΐδη,,6036,Λάρνακα
Νίτσε,,6028,Λάρνακα
Νοταρά,,6058,Λάρνακα
Ντεβρίμ,,6026,Λάρνακα
Ντελακρουά,,6052,Λάρνακα
Ντερβίς Γιουσούφ,,6050,Λάρνακα
Νυμφών,,6057,Λάρνακα
Ξ,,,
Ξάνθης,,6046,Λάρνακα
Ξάνθου Λυσιώτη,,6052,Λάρνακα
Ξενοφώντος,,6035,Λάρνακα
Ο,,,
Οδυσσέα Ανδρούτσου,,6013,Λάρνακα
Οδυσσέα Ανδρούτσου,,7104,Αραδίππου
Οδυσσέα Ελύτη,,6030,Λάρνακα
Οδυσσέα Ελύτη,,7102,Αραδίππου
Οδυσσέως,,6030,Λάρνακα
Οδυσσέως,,7102,Αραδίππου
Οθέλλου,,6016,Λάρνακα
Οθέλλου,,7104,Αραδίππου
Οιδίποδος,,6058,Λάρνακα
Οιδίποδος,,7103,Αραδίππου
Οκκουλάρ,,6025,Λάρνακα
Ολυμπιάδος,,7100,Αραδίππου
Ολυμπίας,,6058,Λάρνακα
Ολύμπου,,6046,Λάρνακα
Ολύμπου,,7103,Αραδίππου
Ομήρου,,6021,Λάρνακα
Ομήρου,,7102,Αραδίππου
Ομονοίας,,6058,Λάρνακα
Ονασαγόρου,,6045,Λάρνακα
Ονείρων,,7102,Αραδίππου
Ονησίλου,,6025,Λάρνακα
Ονησίλου,,7104,Αραδίππου
Ονουφρίου Κληρίδη,,6027,Λάρνακα
Ορεστιάδος,,6018,Λάρνακα
Ορεστιάδος,,7100,Αραδίππου
Ορέστου,,7103,Αραδίππου
Ορθοδοξίας,,7101,Αραδίππου
Ορφέως,,6015,Λάρνακα
Ορφέως,,7100,Αραδίππου
Ορωπού,,6040,Λάρνακα
Ουμ Χαράμ,"1 - 63, 2 - 60",6026,Λάρνακα
Ουμ Χαράμ,62 - τ. 69 - τ.,6027,Λάρνακα
Ουσκουντάρ,,6027,Λάρνακα
Π,,,
Παγκρατίου,,7104,Αραδίππου
Παιανίας,,6040,Λάρνακα
Παλαιάς Αγοράς,,6022,Λάρνακα
Παλαικύθρου,,7100,Αραδίππου
Παλαιπάφου,,6025,Λάρνακα
Παλαιών Πατρών Γερμανού,,6013,Λάρνακα
Παλαιών Πατρών Γερμανού,,7104,Αραδίππου
Πάμπλο Πικάσσο,,6035,Λάρνακα
Παναγίας Αιματούσης Λεωφόρος,,7101,Αραδίππου
Παναγίωτη Κανελλοπούλου,,6057,Λάρνακα
Παναγιώτη Κάσπη,,6056,Λάρνακα
Παναγιώτη Κάσπη,,7103,Αραδίππου
Πανδώρας,,6042,Λάρνακα
Πανίδος,,6042,Λάρνακα
Πανίδος,,7100,Αραδίππου
Πανοράματος,,7104,Αραδίππου
Πανός,,6041,Λάρνακα
Παντελή Κοντού,,7104,Αραδίππου
Παντελή Λέκου,,6013,Λάρνακα
Παντελή Μηχανικού,,6047,Λάρνακα
Παντελή Μιχαηλά,,7104,Αραδίππου
Παπουτσιαλίκ,,6026,Λάρνακα
Παραδείσου,,6052,Λάρνακα
Παρασκευά Ιωάννου,,6021,Λάρνακα
Πάριδος,,6035,Λάρνακα
Παρνασσού,,7102,Αραδίππου
Πάρνηθος,,7102,Αραδίππου
Πάρου,,6037,Λάρνακα
Πάρου,,7100,Αραδίππου
Πασιάδου,,6030,Λάρνακα
Πασικράτους,,7101,Αραδίππου
Πασιφάης,,6059,Λάρνακα
Παστέρ,,6025,Λάρνακα
Πατησίων,,7104,Αραδίππου
Πάτμου,,7100,Αραδίππου
Πατριάρχου Αθηναγόρου,,7104,Αραδίππου
Πατριάρχου Γρηγορίου Ε',,7104,Αραδίππου
Πατρικίου,,6055,Λάρνακα
Πατρικίου,,7104,Αραδίππου
Πατρικίου Λουμούμπα,,6050,Λάρνακα
Πατρόκλου,,6013,Λάρνακα
Πατρόκλου,,7101,Αραδίππου
Πατρών,,6051,Λάρνακα
Παύλου Βαλδασερίδη,,6018,Λάρνακα
Παύλου Βαλσαμάκη,,6026,Λάρνακα
Παύλου Κουντουριώτη,,6052,Λάρνακα
Παύλου Κριναίου,,6042,Λάρνακα
Παύλου Λιασίδη,,6043,Λάρνακα
Παύλου Λιασίδη,,7102,Αραδίππου
Παύλου Μελά,,6046,Λάρνακα
Παύλου Μελά,,7104,Αραδίππου
Παύλου Μιχαηλά,,7104,Αραδίππου
Παύλου Νιρβάνα,,6046,Λάρνακα
Παυσανίου,,7101,Αραδίππου
Πάφου,,7102,Αραδίππου
Πειραιώς,,6040,Λάρνακα
Πειραιώς,,7101,Αραδίππου
Πελοπίδου,,7104,Αραδίππου
Πελοποννήσου,,6042,Λάρνακα
Πεντάγειας,,7100,Αραδίππου
Πενταδακτύλου,,6060,Λάρνακα
Πενταδακτύλου,,7101,Αραδίππου
Πεντέλης,,6043,Λάρνακα
Πεντέλης,,7103,Αραδίππου
Περικλέους,,6021,Λάρνακα
Περικλέους,,7104,Αραδίππου
Περιστερίου,,6018,Λάρνακα
Περιστερωνοπηγής,,6055,Λάρνακα
Περσεφόνης,,6050,Λάρνακα
Περσεφόνης,,7103,Αραδίππου
Περσέως Πλατεία,,6056,Λάρνακα
Πέτα,,6045,Λάρνακα
Πετράκη Γιάλλουρου,,6030,Λάρνακα
Πετράκη Γιάλλουρου,,7102,Αραδίππου
Πετράκη Κυπριανού,,6050,Λάρνακα
Πετράκη Κυπριανού,,7104,Αραδίππου
Πετρόμπεη Μαυρομιχάλη,,6047,Λάρνακα
Πετρόμπεη Μαυρομιχάλη,,7103,Αραδίππου
Πέτρου Τσαϊκόφσκυ,,6036,Λάρνακα
Πηγάσου Πλατεία,,6056,Λάρνακα
Πηγάσου,,7105,Αραδίππου
Πηγής,,7104,Αραδίππου
Πηλίου,,6037,Λάρνακα
Πηνειού,,7104,Αραδίππου
Πηνελόπης,,6057,Λάρνακα
Πηνελόπης,,7102,Αραδίππου
Πηνελόπης Δέλτα,,6047,Λάρνακα
Πιγιαλέ Πασά,,6026,Λάρνακα
Πιερίας,,6036,Λάρνακα
Πινδάρου,,6057,Λάρνακα
Πινδάρου,,7105,Αραδίππου
Πίνδου,,6057,Λάρνακα
Πίνδου,,7104,Αραδίππου
Πλαταιών,,6051,Λάρνακα
Πλαταιών,,7103,Αραδίππου
Πλάτωνος,,6036,Λάρνακα
Πλάτωνος,,7104,Αραδίππου
Πλουτάρχου,,6015,Λάρνακα
Πλούτωνος,,6046,Λάρνακα
Πλούτωνος,,7102,Αραδίππου
Πολυγύρου,,6018,Λάρνακα
Πολυτεχνείου,,6047,Λάρνακα
Πολυτεχνείου,,7101,Αραδίππου
Πολυφήμου,,6052,Λάρνακα
Πομπηίας,,7103,Αραδίππου
Πόντου,,6027,Λάρνακα
Ποσειδώνος,,6047,Λάρνακα
Ποσειδώνος,,7101,Αραδίππου
Ποταμού Ιαξάρτου,,6041,Λάρνακα
Ποταμού Ινδού,,6042,Λάρνακα
Ποταμού Ιφάσου,,6041,Λάρνακα
Ποταμού Οξού,,6051,Λάρνακα
Πότι,,6052,Λάρνακα
Πούλιας,,7104,Αραδίππου
Πούσκιν,,6045,Λάρνακα
Πραξιτέλους,,6047,Λάρνακα
Πραξιτέλους,,7102,Αραδίππου
Πρεβέζης,,6025,Λάρνακα
Πρεβέζης,,7102,Αραδίππου
Πριάμου,,6013,Λάρνακα
Πριάμου,,7102,Αραδίππου
Πριγκιπίσσης Ζεχρά,,6026,Λάρνακα
Προδρόμου,,6051,Λάρνακα
Πρόκνης,,6055,Λάρνακα
Προμαχώνος,,6018,Λάρνακα
Προμηθέως,,6011,Λάρνακα
Προμηθέως,,7101,Αραδίππου
Προύσης,,6051,Λάρνακα
Πτολεμαΐδος,,6046,Λάρνακα
Πτολεμαίων,,6036,Λάρνακα
Πτολεμαίων,,7100,Αραδίππου
Πυγμαλίωνος,,7101,Αραδίππου
Πυθαγόρου,,6035,Λάρνακα
Πυθαγόρου,,7103,Αραδίππου
Πυθίας,,7102,Αραδίππου
Πώλ Δαρράς,,6043,Λάρνακα
Ρ,,,
Ραφαήλ Σάντι,,6052,Λάρνακα
Ραφήνας,,6040,Λάρνακα
Ραφήνας,,7104,Αραδίππου
Ρέας,,7103,Αραδίππου
Ρεθύμνου,,6030,Λάρνακα
Ρέμπραντ,,6057,Λάρνακα
Ρένου Πρέντζα,,6031,Λάρνακα
Ρήγα Φεραίου,,6013,Λάρνακα
Ρήγα Φεραίου,,7104,Αραδίππου
Ρηγαίνης,,6011,Λάρνακα
Ρηγαίνης,,7104,Αραδίππου
Ριζοελιάς,,7101,Αραδίππου
Ριζοκαρπάσου,,6047,Λάρνακα
Ριζοκαρπάσου,,7100,Αραδίππου
Ρίμινι,,6025,Λάρνακα
Ροδόπης,,7100,Αραδίππου
Ρόδου,,7100,Αραδίππου
Ρόδων,,6030,Λάρνακα
Ρούμελης,,6036,Λάρνακα
Ρούμελης,,7102,Αραδίππου
Ρούμπενς,,6028,Λάρνακα
Σ,,,
Σάββα Ροτσίδη,,6030,Λάρνακα
Σαΐντ Μεχμέτ Αγά,,6026,Λάρνακα
Σαίξπηρ,,6027,Λάρνακα
Σακάρια,,6026,Λάρνακα
Σαλαμίνος,,6017,Λάρνακα
Σαλαμίνος,,7103,Αραδίππου
Σαλβαδόρ Νταλί ,,6035,Λάρνακα
Σάμου,,6035,Λάρνακα
Σάμου,,7100,Αραδίππου
Σαντορίνης,,7102,Αραδίππου
Σαρωνικού,,7102,Αραδίππου
Σαφάκ,,6025,Λάρνακα
Σειρήνων,,6046,Λάρνακα
Σειρίου,,6053,Λάρνακα
Σελίμ B',,6025,Λάρνακα
Σεμέλης,,7103,Αραδίππου
Σερρών,1 - τ.,7100,Αραδίππου
Σερρών,2 - τ.,6041,Λάρνακα
Σεϋχάν,,6026,Λάρνακα
Σεχίντ Αϊντίν Βελεντίν,,6025,Λάρνακα
Σεχίντ Οζάτ Αλή,,6027,Λάρνακα
Σιδηροκάστρου,,6018,Λάρνακα
Σίμου Μενάρδου,,6015,Λάρνακα
Σιοπέν,,6042,Λάρνακα
Σιούμαν,,6041,Λάρνακα
Σιούμπερτ,,6028,Λάρνακα
Σιττικά Χανούμ,,6051,Λάρνακα
Σκύρου,,7102,Αραδίππου
Σμύρνης,,6051,Λάρνακα
Σμύρνης,,7103,Αραδίππου
Σολομώντος Φραγκουλίδη,,6042,Λάρνακα
Σόλων,,6025,Λάρνακα
Σόλωνος,,6035,Λάρνακα
Σόλωνος,,7104,Αραδίππου
Σόλωνος Μιχαηλίδη,,6056,Λάρνακα
Σούδας,,6030,Λάρνακα
Σουλίου,,7104,Αραδίππου
Σουνίου,,6040,Λάρνακα
Σουνίου,,7104,Αραδίππου
Σοφίας Βέμπο,,6042,Λάρνακα
Σοφοκλέους,,6057,Λάρνακα
Σοφοκλέους,,7104,Αραδίππου
Σπαθαρικού,,6047,Λάρνακα
Σπαθαρικού,,7104,Αραδίππου
Σπάρτης,,6025,Λάρνακα
Σπάρτης,,7101,Αραδίππου
Σπάτων,,6040,Λάρνακα
Σπερχειού,,7101,Αραδίππου
Σπετσών,,6018,Λάρνακα
Σπετσών,,7102,Αραδίππου
Σποράδων,,7101,Αραδίππου
Σπυρίδωνος Τρικούπη,,6053,Λάρνακα
Σπύρου Κυπριανού Λεωφόρος,1 - 21,6018,Λάρνακα
Σπύρου Κυπριανού Λεωφόρος,2 - 38,6058,Λάρνακα
Σπύρου Κυπριανού Λεωφόρος,23 - 35,6013,Λάρνακα
Σπύρου Κυπριανού Λεωφόρος,37 - 87,6051,Λάρνακα
Σπύρου Κυπριανού Λεωφόρος,40 - 78,6057,Λάρνακα
Σπύρου Κυπριανού Λεωφόρος,80 - 82,6053,Λάρνακα
Σπύρου Κυπριανού Λεωφόρος,84 - 104,6052,Λάρνακα
Σπύρου Κυπριανού Λεωφόρος,89 - τ. 106 - τ.,6047,Λάρνακα
Σπύρου Κυπριανού Λεωφόρος,,7102,Αραδίππου
Σταδίου,"1 - 33, 2 - 36",6021,Λάρνακα
Σταδίου,35 - τ. 38 - τ.,6020,Λάρνακα
Σταδίου Λεωφόρος,,7103,Αραδίππου
Στάλινγκραντ,,6025,Λάρνακα
Στασικράτους,,7104,Αραδίππου
Στασίνου,,6023,Λάρνακα
Στασίνου,,7104,Αραδίππου
Σταυραετού,,7105,Αραδίππου
Σταυροβουνίου,"1 - 3, 2 - 4",6037,Λάρνακα
Σταυροβουνίου,6 - τ. 7 - τ.,6036,Λάρνακα
Σταυροδρομίου,"1 - 15, 4 - 20",6010,Λάρνακα
Σταυροδρομίου,"19 - 41, 22 - 42",6050,Λάρνακα
Σταυροδρομίου,43 - τ. 44 - τ.,6045,Λάρνακα
Σταύρου Ποσκώτη,,6017,Λάρνακα
Στράβωνος,,6035,Λάρνακα
Στράτη Μυριβήλη,,6052,Λάρνακα
Στρατηγού Γκιάνι Τιμάγια Λεωφόρος,1 - 25,6051,Λάρνακα
Στρατηγού Γκιάνι Τιμάγια Λεωφόρος,2 - 26,6047,Λάρνακα
Στρατηγού Γκιάνι Τιμάγια Λεωφόρος,27 - 31,6045,Λάρνακα
Στυλιανού Αποστολίδη,,6021,Λάρνακα
Στυλιανού Λένα,,6021,Λάρνακα
Στυλιανού Λένα,,7102,Αραδίππου
Στυλιανού Χουρμουζίου,,6056,Λάρνακα
Στυμφαλίδων,,6046,Λάρνακα
Στυμφαλίδων,,7102,Αραδίππου
Σύμης,,7104,Αραδίππου
Σύμπαντος,,6053,Λάρνακα
Συνεργατισμού,,6018,Λάρνακα
Συνταγματάρχη Κωνσταντίνου Δαβάκη,,7104,Αραδίππου
Σύρου,,7101,Αραδίππου
Σφιγγός,,6059,Λάρνακα
Σφιγγός,,7104,Αραδίππου
Σωκράτους,,6036,Λάρνακα
Σωκράτους,,7104,Αραδίππου
Σωπάτρου,,6020,Λάρνακα
Σωτήρος,,6010,Λάρνακα
Σωτήρος,,7101,Αραδίππου
Σωφρονίου Χριστοδούλου,,6016,Λάρνακα
Τ,,,
Τάκη Βασιλείου,,6041,Λάρνακα
Τάκη Βασιλείου,,7100,Αραδίππου
Ταμασού,,7100,Αραδίππου
Τανζιμάτ,,6026,Λάρνακα
Τάσου Κωνσταντίνου,,6030,Λάρνακα
Τάσου Μητσόπουλου,"1 - 3, 2 - 34",6027,Λάρνακα
Τάσου Μητσόπουλου,5 - τ. 36 - τ.,6028,Λάρνακα
Τάσου Μητσόπουλου Πάροδος,,6027,Λάρνακα
Τάσου Παπαθανασίου,,7104,Αραδίππου
Τάσσου Παπαδοπούλου Λεωφόρος,,6019,Λάρνακα
Ταϋγέτου,,6057,Λάρνακα
Ταϋγέτου,,7100,Αραδίππου
Τέλλου 'Αγρα,,6041,Λάρνακα
Τεμπών,,7102,Αραδίππου
Τενέδου,,6043,Λάρνακα
Τερρα Όμβρας,,6015,Λάρνακα
Τέρρα Σάντας,,6012,Λάρνακα
Τερψιθέας,,6057,Λάρνακα
Τερψιχόρης,,6057,Λάρνακα
Τερψιχόρης,,7103,Αραδίππου
Τεύκρου,,6011,Λάρνακα
Τεύκρου Ανθία,,6045,Λάρνακα
Τζένης Καρέζη,,6030,Λάρνακα
Τζων Γκλεν,,6031,Λάρνακα
Τζων Κέννεντυ Πλατεία,,6023,Λάρνακα
Τηλεμάχου,,7101,Αραδίππου
Τήνου,,6036,Λάρνακα
Τήνου,,7103,Αραδίππου
Τιλλιρίας,,7101,Αραδίππου
Τιμίου Σταυρού,,7101,Αραδίππου
Τιτάνων,,6047,Λάρνακα
Τιτάνων,,7104,Αραδίππου
Τοξότου,,6056,Λάρνακα
Τοργούτ Ρεΐς,,6026,Λάρνακα
Τουζχανέ,,6027,Λάρνακα
Τουράν,,6026,Λάρνακα
Τουρκ Μεχτεμπέ,,6045,Λάρνακα
Τρεμετουσιάς,,6056,Λάρνακα
Τρεμετουσιάς,,7100,Αραδίππου
Τρικάλων,,6037,Λάρνακα
Τρικάλων,,7102,Αραδίππου
Τρικώμου,,6055,Λάρνακα
Τρικώμου,,7104,Αραδίππου
Τριπόλεως,,6036,Λάρνακα
Τριπόλεως,,7102,Αραδίππου
Τρίτωνος,,6047,Λάρνακα
Τριών Ιεραρχών,,6037,Λάρνακα
Τριών Ιεραρχών,,7101,Αραδίππου
Τροίας,,6013,Λάρνακα
Τροίας,,7104,Αραδίππου
Τροόδους,,6060,Λάρνακα
Τρυπημένης,,7101,Αραδίππου
Τσακιλερό,,6047,Λάρνακα
Τύμβου,,7101,Αραδίππου
Τυρνάβου,,6037,Λάρνακα
Υ,,,
Υακίνθου,,6053,Λάρνακα
Ύδρας,,6018,Λάρνακα
Ύδρας,,7103,Αραδίππου
Υδροχόου,,6056,Λάρνακα
Υμηττού,,6043,Λάρνακα
Υμηττού,,7101,Αραδίππου
Υψιπύλης,,6052,Λάρνακα
Φ,,,
Φαίδρας,,6059,Λάρνακα
Φαλήρου,,6017,Λάρνακα
Φαλήρου,,7102,Αραδίππου
Φαναρίου,,6057,Λάρνακα
Φαναρίου,,7100,Αραδίππου
Φανερωμένης Λεωφόρος,"1 - 85, 2 - 60",6025,Λάρνακα
Φανερωμένης Λεωφόρος,"62 - 138, 87 - 161",6031,Λάρνακα
Φανερωμένης Λεωφόρος,"140 - 186, 163 - 193",6035,Λάρνακα
Φανερωμένης Λεωφόρος,188 - τ. 195 - τ.,6037,Λάρνακα
Φαρσάλων,,6037,Λάρνακα
Φατίχ,,6050,Λάρνακα
Φεδερίκου Γκαρθία Λόρκα,,6028,Λάρνακα
Φειδίου,,6011,Λάρνακα
Φιλαδελφείας,,6042,Λάρνακα
Φιλελλήνων,,6037,Λάρνακα
Φιλελλήνων,,7100,Αραδίππου
Φιλίας,,6056,Λάρνακα
Φιλικής Εταιρείας,,6057,Λάρνακα
Φίλιου Ζαννέτου,,6022,Λάρνακα
Φίλιου Τσιγαρίδη,,6023,Λάρνακα
Φιλοκτήτου,,7101,Αραδίππου
Φιλοκύπρου,,6045,Λάρνακα
Φιλομήλας,,6055,Λάρνακα
Φιλονόης,,6041,Λάρνακα
Φιλοπάππου,,6028,Λάρνακα
Φιλοπάππου,,7103,Αραδίππου
Φιλοσόφου Αριστοτέλους,,6021,Λάρνακα
Φιλύρας,,6059,Λάρνακα
Φλέμιγκ,,6025,Λάρνακα
Φλωρίνης,,6046,Λάρνακα
Φλωρίνης,,7104,Αραδίππου
Φραγκλίνου Ρούσβελτ,,6010,Λάρνακα
Φρίξου Παναγιώτου,,6051,Λάρνακα
Φωκίδος,,6018,Λάρνακα
Φωκίωνος,,6036,Λάρνακα
Φωκίωνος,,7101,Αραδίππου
Φώτη Κόντογλου,,6057,Λάρνακα
Φώτη Πίττα,,6030,Λάρνακα
Φώτη Πίττα Λεωφόρος,,7103,Αραδίππου
Χ,,,
Χάϊντενσταμ,,6020,Λάρνακα
Χαιρωνείας,,6037,Λάρνακα
Χαλεύκας,,6056,Λάρνακα
Χαλεύκας,,7101,Αραδίππου
Χαλκηδόνος,,7101,Αραδίππου
Χάλκης,,7100,Αραδίππου
Χαλκιδικής,,7101,Αραδίππου
Χαλκίδος,,6031,Λάρνακα
Χαλκίδος,,7104,Αραδίππου
Χαμίτ Μπέη,"1 - 13, 2 - 20",6050,Λάρνακα
Χαμίτ Μπέη,15 - τ. 22 - τ.,6045,Λάρνακα
Χαμίτ Μπέη Πλατεία,,6050,Λάρνακα
Χανίων,,6030,Λάρνακα
Χαράλαμπου Μούσκου,,7103,Αραδίππου
Χαράλαμπου Πατσίδη,,6042,Λάρνακα
Χαριλάου Τρικούπη,,6053,Λάρνακα
Χαριλάου Τρικούπη,,7100,Αραδίππου
Χάρινγκεϊ,,6041,Λάρνακα
Χάριτος,,6041,Λάρνακα
Χάριτος,,7102,Αραδίππου
Χατζή Ιμπραχίμ,,6026,Λάρνακα
Χατζή Ομέρ,,6026,Λάρνακα
Χατιτζέ,,6050,Λάρνακα
Χίμαιρας,,6017,Λάρνακα
Χίου,,6035,Λάρνακα
Χίου,,7102,Αραδίππου
Χλόης,,6031,Λάρνακα
Χλόης,,7100,Αραδίππου
Χλωρίδος,,6047,Λάρνακα
Χουρριγιέτ,,6050,Λάρνακα
Χριστάκη Πτωχοπούλου,,6045,Λάρνακα
Χριστοδούλου Γαλατοπούλου,,6047,Λάρνακα
Χριστοδούλου Ιακωβίδη,,6045,Λάρνακα
Χριστοδούλου Κούππα,,6045,Λάρνακα
Χριστοδούλου Σώζου,,7104,Αραδίππου
Χριστοδούλου Χριστοδούλου,,6051,Λάρνακα
Χρίστου Καρατζά,,6042,Λάρνακα
Χρίστου Καψάλη,,6013,Λάρνακα
Χρίστου Σαμάρα,,7104,Αραδίππου
Χριστοφόρου Σάββα,,6037,Λάρνακα
Χρυσανθέμων,,6041,Λάρνακα
Χρυσογαλακτούσης,,6050,Λάρνακα
Χρυσοπολιτίσσης,,6015,Λάρνακα
Χρυσουπόλεως,,6041,Λάρνακα
Χύτρων,,7101,Αραδίππου
Χωροφυλακής,,6036,Λάρνακα
Ψ,,,
Ψαρών,,6013,Λάρνακα
Ψαρών,,7104,Αραδίππου
Ψηλορείτη,"1 - 21, 2 - 22",6058,Λάρνακα
Ψηλορείτη,23 - τ. 24 - τ.,6059,Λάρνακα
Ψηλορείτη,,7101,Αραδίππου
Ω,,,
Ωκεανίδων,,6041,Λάρνακα
Ωραίας Ελένης,,6059,Λάρνακα
Ωρών,,6041,Λάρνακα
